﻿<?xml version="1.0" encoding="UTF-8"?>
<!DOCTYPE mapper
  PUBLIC "-//mybatis.org//DTD Mapper 3.0//EN"
  "http://mybatis.org/dtd/mybatis-3-mapper.dtd">
  
<mapper namespace="cocoFarm.dao.ProductDao">

	<!-- hash map -->

	<resultMap id="ProductResult" type="cocoFarm.dto.Product">
		<result column="acc_idx" property="accIdx" />
		<result column="written_time" property="writtenTime" />
		<result column="last_edited" property="lastEdited" />
		<result column="face_img" property="faceImg" />
		<result column="main_img" property="mainImg" />
	</resultMap>

	<sql id="selectProduct">
		SELECT 
			idx,
			acc_idx,
			title,
			origin,
			hit,
			written_time,
			last_edited,
			content,
			face_img,
			main_img,
			isdel
		FROM sale
	</sql>

	<!-- acc_idx: 글쓴이 인덱스 참조하는 속성 (세션) -->
	<!-- systimestamp: 밀리초까지 계산 -->
	<insert id="insert" parameterType="cocoFarm.dto.Product">
		INSERT INTO SALE( idx, acc_idx, title, origin, hit, written_time, last_edited, content, face_img, main_img, isdel)
		VALUES(
			sale_seq.nextval,
			#{accIdx },
			#{title },
			#{origin },
			0,
			sysdate,
			sysdate,
			#{content },
			#{faceImg },
			#{mainImg },
			0 )
		<selectKey resultType="int" keyProperty="idx" order="AFTER">
			SELECT sale_seq.currval FROM DUAL
		</selectKey>
	</insert>
	
	<select id="selectAll" resultType="cocoFarm.dto.Product">
		<include refid="selectProduct" />
		ORDER BY idx
	</select>
	
	<select id="countAll" resultType="int">
		SELECT COUNT(*) FROM sale
	</select>
	
	<select id="selectPage"
					parameterType="cocoFarm.util.Paging"
					resultMap="ProductResult">
		SELECT * FROM (
			SELECT rownum rnum, B.* FROM (
				<include refid="selectProduct" />
				ORDER BY idx DESC
			) B
			ORDER BY rnum
		) R
		WHERE rnum BETWEEN #{startNo } AND #{endNo }
					AND isdel = 0
	</select>
	
	<select id="selectProductByIdx"
					parameterType="int"
					resultMap="ProductResult">
		<include refid="selectProduct" />
		WHERE idx = ${_parameter } AND isdel = 0
	</select>
	
	<update id="update" parameterType="cocoFarm.dto.Product">
		UPDATE SALE
		SET title = #{title },
				origin = #{origin },
				last_edited = sysdate,
				content = #{content },
				face_img = #{faceImg },
				main_img = #{mainImg },
				isdel = 0
		WHERE idx = #{idx }
	</update>
	
	<insert id="insertBasket" parameterType="cocoFarm.dto.SaleOption">
		
	</insert>
	
	<!--hwanmin 2018_05_26 work-->
 	<select id="ProMainList" resultType="cocoFarm.dto.Product">
 	select S.IDX, S.ACC_IDX, S.TITLE, S.ORIGIN, S.HIT, S.WRITTEN_TIME, S.LAST_EDITED, S.FACE_IMG as faceImg, SO.MIN_PRICE from SALE S
 inner join (select SALE_IDX, min(PRICE) MIN_PRICE from SALE_OPTION where ISDEL =0 group by  SALE_IDX) SO
on S.IDX = SO.SALE_IDX where S.ISDEL =0
 	</select>
 	
 	<select id="SerchPro" parameterType="cocoFarm.dto.Product" resultType="cocoFarm.dto.Product">
 		select S.IDX, S.ACC_IDX, S.TITLE, S.ORIGIN, S.HIT, S.WRITTEN_TIME, S.LAST_EDITED, S.FACE_IMG as faceImg, SO.MIN_PRICE from SALE S
 		inner join (select SALE_IDX, min(PRICE) MIN_PRICE from SALE_OPTION where ISDEL =0 group by  SALE_IDX) SO
		on S.IDX = SO.SALE_IDX where S.TITLE LIKE '%' || #{search_name} || '%'  
 	</select>
 	
 	<!--hwanmin 2018_05_31 detailview select  -->
 	<select id="getDetailList" parameterType="cocoFarm.dto.Product" resultType="cocoFarm.dto.Product">

 		SELECT S.idx idx,S.origin origin,S.acc_idx acc_idx,S.title title,S.hit hit,S.content content,S.FACE_IMG faceImg,S.MAIN_IMG mainImg, 
		A.name name,A.THUMB_loc THUMB_IMG,A.EMAIL email,
		B.corporation_name corporation_name, B.BUSINESS_LICENSE_CODE BUSINESS_LICENSE_CODE,B.REPRESENTATIVE REPRESENTATIVE,
		B.business_addr business_addr,B.business_category business_category,
		CAT.NAME AS CATEGORY_NAME FROM SALE S INNER JOIN Account A ON S.ACC_IDX = A.IDX INNER JOIN BUSINESS_INFO B ON S.ACC_IDX = B.ACC_IDX
    	LEFT JOIN (
        SELECT listagg(CONVERT(SC.NAME,'UTF8','AL16UTF16'), ', ')WITHIN GROUP (ORDER BY SC.NAME) AS NAME , SC.SALE_IDX
            FROM (SELECT DISTINCT C.NAME AS NAME, SO.SALE_IDX SALE_IDX FROM SALE_OPTION SO
            INNER JOIN SALE_OPT_CATEGORY SOC ON SO.IDX = SOC.SALE_OPT_IDX
            INNER JOIN CATEGORY C ON SOC.CATEGORY_IDX = C.IDX
            WHERE SALE_IDX = #{idx} AND C.NAME IS NOT NULL
        ) SC GROUP BY SC.SALE_IDX
   		 ) CAT
  	  ON CAT.SALE_IDX = S.IDX WHERE S.IDX = #{idx} AND S.ISDEL =0
 	</select>
 	<select id="getOptionList" parameterType="cocoFarm.dto.SaleOption" resultType="cocoFarm.dto.SaleOption">
 		select s.idx idx, s.sale_idx saleidx,s.name optionName,s.description description,s.price price,s.unit unit,
		s.start_amount startAmount,s.LEFT_AMOUNT leftAmount,s.LASTSOLD_TIME lastsoldTime,s.WRITTEN_TIME writtenTime,
		s.LAST_EDITED lastEdited, s.isdel isdel
		from sale_OPTION s where Sale_idx=#{idx} AND isdel=0
		ORDER BY idx
 	</select>
 	
	<select parameterType="String" id="getPayOption" resultType="cocoFarm.dto.SaleOption"> 
	select S.idx idx,S.Sale_idx saleIdx, S.NAME optionName, S.DESCRIPTION DESCRIPTION,
	s.price price from SALE_option S WHERE idx IN ${value} </select>

	<select parameterType="String" id="getSale_Option" resultType="cocoFarm.dto.Product"> 
	SELECT S.idx idx,S.acc_idx acc_idx,S.title title,S.hit hit,S.content content,S.FACE_IMG faceImg,
	S.MAIN_IMG mainImg FROM SALE S WHERE idx in ${value} 
	</select>

</mapper>