<?xml version="1.0" encoding="UTF-8"?>
<beans:beans xmlns="http://www.springframework.org/schema/mvc"
	xmlns:xsi="http://www.w3.org/2001/XMLSchema-instance"
	xmlns:beans="http://www.springframework.org/schema/beans"
	xmlns:context="http://www.springframework.org/schema/context"
	xsi:schemaLocation="http://www.springframework.org/schema/mvc http://www.springframework.org/schema/mvc/spring-mvc.xsd
		http://www.springframework.org/schema/beans http://www.springframework.org/schema/beans/spring-beans.xsd
		http://www.springframework.org/schema/context http://www.springframework.org/schema/context/spring-context.xsd">

	<!-- DispatcherServlet Context: defines this servlet's request-processing infrastructure -->
	
	


	<!-- Enables the Spring MVC @Controller programming model -->
	<annotation-driven />

	<!-- Handles HTTP GET requests for /resources/** by efficiently serving up static resources in the ${webappRoot}/resources directory -->
	<resources mapping="/resources/**" location="/resources/" />
	<resources location="/resources/img/" mapping="/img/**"/>
	<resources location="/resources/css/" mapping="/css/**"/>
	<resources location="/resources/img/auction_img/" mapping="/auction_img/**"/>
<!--  아래는 이전 위치, 쓰지 마세요. 혹시 이전에 쓰던 위치 남아있는거 있나 확인용으로 남겨둡니다.-->
<!-- 	<resources location="/imgs/" mapping="/img/**"/> -->
<!-- 	<resources location="/css/" mapping="/css/**"/> -->

	<!-- Resolves views selected for rendering by @Controllers to .jsp resources in the /WEB-INF/views directory -->
	<beans:bean class="org.springframework.web.servlet.view.InternalResourceViewResolver">
		<beans:property name="prefix" value="/WEB-INF/views/" />
		<beans:property name="suffix" value=".jsp" />
<!--	<beans:property name='order' value='2'/>	-->
	</beans:bean>


<!-- 	<beans:bean id='download' class='board.view.DownloadView' /> --><!-- 나중에 다운로드 클래스 만들면 'class'에 추가 -->
	
	<interceptors>
		<interceptor>
			<mapping path="/mypage/**" />
			<exclude-mapping path="/login/login.do"/>
			<beans:bean class="cocoFarm.interceptor.loginInterceptor" />
		</interceptor>
	</interceptors>
	

<!-- 	MultipartResolver	다운로드 클래스(스프링 commmons) 설정 -->
	<beans:bean id ='multipartResolver' class="org.springframework.web.multipart.commons.CommonsMultipartResolver">
<!-- 		최소 1MB -->
		<beans:property name="maxInMemorySize" value='1048576' />
<!-- 		최대 10MB -->
		<beans:property name="maxUploadSize" value='10485760' />
	</beans:bean>
	
	<context:component-scan base-package="cocoFarm.controller,cocoFarm.service" />
	
	
	
</beans:beans>
